-9.69,0
-9.69,8
-9.69,16
-9.69,24
-9.76,32
-9.67,40
-9.71,48
-9.76,56
-9.69,64
-9.77,72
-9.72,80
-9.72,88
-9.7,96
-9.69,104
-9.69,112
-9.63,120
-9.71,128
-9.66,136
-9.74,144
-9.69,152
-9.69,160
-9.79,168
-9.79,176
-9.73,184
-9.73,192
-9.75,200
-9.7,208
-9.73,216
-9.67,224
-9.74,232
-9.76,240
-9.67,248
-9.82,256
-9.76,264
-9.68,272
-9.72,280
-9.72,288
-9.68,296
-9.7,304
-9.68,312
-9.71,320
-9.72,328
-9.71,336
-9.68,344
-9.81,352
-9.72,360
-9.6,368
-9.74,376
-9.78,384
-9.62,392
-9.78,400
-9.79,408
-9.67,416
-9.66,424
-9.66,432
-9.63,440
-9.59,448
-9.68,456
-9.74,464
-9.79,472
-9.67,480
-9.68,488
-9.71,496
-9.71,504
-9.69,512
-9.79,520
-9.73,528
-9.68,536
-9.74,544
-9.73,552
-9.7,560
-9.71,568
-9.7,576
-9.68,584
-9.7,592
-9.74,600
-9.78,608
-9.75,616
-9.71,624
-9.86,632
-9.92,640
-9.62,648
-9.37,656
-9.31,664
-9.25,672
-9.51,680
-9.86,688
-10.1,696
-10.08,704
-9.9,712
-9.81,720
-9.55,728
-9.53,736
-9.81,744
-10.18,752
-9.24,760
-8.88,768
-9.42,776
-9.64,784
-9.96,792
-10.18,800
-10.23,808
-10.16,816
-9.84,824
-9.69,832
-9.61,840
-9.37,848
-9.69,856
-9.56,864
-9.37,872
-9.34,880
-9.67,888
-9.95,896
-10.25,904
-10.39,912
-10.14,920
-10.04,928
-9.56,936
-9.04,944
-8.86,952
-9.01,960
-9.04,968
-9.44,976
-9.79,984
-10.03,992
-9.96,1000
-10.13,1008
-9.9,1016
-9.82,1024
-9.83,1032
-9.94,1040
-10.02,1048
-9.77,1056
-9.5,1064
-9.54,1072
-9.24,1080
-9.04,1088
-9.18,1096
-9.53,1104
-9.65,1112
-9.93,1120
-9.86,1128
-10.02,1136
-10.06,1144
-10.1,1152
-9.97,1160
-9.99,1168
-10.14,1176
-9.81,1184
-9.45,1192
-9.09,1200
-9.17,1208
-9.42,1216
-9.39,1224
-9.32,1232
-9.46,1240
-9.78,1248
-9.7,1256
-9.74,1264
-9.53,1272
-9.59,1280
-9.67,1288
-10.01,1296
-9.39,1304
-9.82,1312
-9.75,1320
-9.52,1328
-10.63,1336
-9.68,1344
-9.76,1352
-10.49,1360
-9.88,1368
-9.91,1376
-9.74,1384
-9.62,1392
-9.56,1400
-9.34,1408
-9.44,1416
-9.52,1424
-9.27,1432
-9.41,1440
-8.56,1448
-9.48,1456
-9.71,1464
-9.66,1472
-9.94,1480
-10.22,1488
-10.09,1496
-10.38,1504
-10.48,1512
-9.84,1520
-9.64,1528
-9.22,1536
-8.73,1544
-8.78,1552
-9.21,1560
-9.53,1568
-9.69,1576
-9.49,1584
-9.65,1592
-9.57,1600
-9.45,1608
-9.41,1616
-9.44,1624
-9.64,1632
-9.68,1640
-9.74,1648
-9.62,1656
-9.38,1664
-9.3,1672
-9.16,1680
-9.11,1688
-9.48,1696
-9.45,1704
-9.43,1712
-9.4,1720
-9.82,1728
-9.67,1736
-9.42,1744
-9.31,1752
-9.35,1760
-9.68,1768
-9.48,1776
-9.44,1784
-9.48,1792
-9.48,1800
-9.49,1808
-9.56,1816
-9.73,1824
-9.7,1832
-9.66,1840
-9.39,1848
-9.28,1856
-9.27,1864
-9.28,1872
-9.59,1880
-9.7,1888
-9.75,1896
-9.58,1904
-9.64,1912
-9.66,1920
-9.66,1928
-9.61,1936
-9.55,1944
-9.45,1952
-9.36,1960
-9.25,1968
-9.26,1976
-9.35,1984
-9.47,1992
-9.47,2000
-9.55,2008
-9.58,2016
-9.74,2024
-9.74,2032
-9.67,2040
-9.6,2048
-9.53,2056
-9.42,2064
-9.38,2072
-9.4,2080
-9.58,2088
-9.54,2096
-9.84,2104
-9.78,2112
-9.47,2120
-9.34,2128
-8.99,2136
-9.02,2144
-9.32,2152
-9.85,2160
-10.21,2168
-10.52,2176
-10.38,2184
-10.15,2192
-9.65,2200
-9.55,2208
-9.54,2216
-9.56,2224
-9.63,2232
-9.56,2240
-9.43,2248
-9.2,2256
-9.03,2264
-8.81,2272
-8.95,2280
-9.08,2288
-9.52,2296
-9.75,2304
-9.84,2312
-10.06,2320
-10,2328
-9.73,2336
-9.61,2344
-9.62,2352
-9.56,2360
-9.56,2368
-9.59,2376
-9.45,2384
-9.45,2392
-9.43,2400
-9.38,2408
-9.45,2416
-9.56,2424
-9.62,2432
-9.66,2440
-9.71,2448
-9.64,2456
-9.6,2464
-9.6,2472
-9.69,2480
-9.62,2488
-9.52,2496
-9.68,2504
-9.51,2512
-9.52,2520
-9.45,2528
-9.46,2536
-9.53,2544
-9.5,2552
-9.55,2560
-9.59,2568
-9.58,2576
-9.63,2584
-9.69,2592
-9.54,2600
-9.59,2608
-9.55,2616
-9.56,2624
-9.56,2632
-9.5,2640
-9.47,2648
-9.53,2656
-9.45,2664
-9.63,2672
-9.48,2680
-9.63,2688
-9.7,2696
-9.66,2704
-9.62,2712
-9.54,2720
-9.62,2728
-9.57,2736
-9.65,2744
-9.64,2752
-9.53,2760
-9.45,2768
-9.46,2776
-9.58,2784
-9.5,2792
-9.51,2800
-9.57,2808
-9.5,2816
-9.57,2824
-9.53,2832
-9.63,2840
-9.62,2848
-9.5,2856
-9.56,2864
-9.51,2872
-9.63,2880
-9.59,2888
-9.54,2896
-9.53,2904
-9.54,2912
-9.56,2920
-9.55,2928
-9.54,2936
-9.53,2944
-9.64,2952
-9.47,2960
-9.62,2968
-9.59,2976
-9.54,2984
-9.57,2992
-9.5,3000
-9.62,3008
-9.62,3016
-9.56,3024
-9.54,3032
-9.55,3040
-9.6,3048
-9.58,3056
-9.61,3064
-9.56,3072
-9.62,3080
-9.59,3088
-9.53,3096
-9.49,3104
-9.63,3112
-9.48,3120
-9.49,3128
-9.62,3136
-9.53,3144
-9.52,3152
-9.62,3160
-9.58,3168
-9.5,3176
-9.57,3184
-9.49,3192
-9.54,3200
-9.5,3208
-9.59,3216
-9.56,3224
-9.58,3232
-9.64,3240
-9.58,3248
-9.56,3256
-9.54,3264
-9.56,3272
-9.52,3280
-9.62,3288
-9.61,3296
-9.53,3304
-9.57,3312
-9.57,3320
-9.62,3328
-9.63,3336
-9.61,3344
-9.51,3352
-9.62,3360
-9.55,3368
-9.51,3376
-9.55,3384
-9.62,3392
-9.56,3400
-9.63,3408
-9.56,3416
-9.55,3424
-9.54,3432
-9.59,3440
-9.52,3448
-9.5,3456
-9.52,3464
-9.58,3472
-9.65,3480
-9.55,3488
-9.54,3496
-9.62,3504
-9.55,3512
-9.57,3520
-9.47,3528
-9.64,3536
-9.54,3544
-9.61,3552
-9.52,3560
-9.64,3568
-9.5,3576
-9.58,3584
-9.46,3592
-9.54,3600
-9.62,3608
-9.61,3616
-9.58,3624
-9.55,3632
-9.53,3640
-9.57,3648
-9.58,3656
-9.64,3664
-9.7,3672
-9.65,3680
-9.62,3688
-9.61,3696
-9.58,3704
-9.61,3712
-9.5,3720
-9.6,3728
-9.62,3736
-9.61,3744
-9.59,3752
-9.5,3760
-9.56,3768
-9.6,3776
-9.51,3784
-9.45,3792
-9.53,3800
-9.54,3808
-9.49,3816
-9.61,3824
-9.57,3832
-9.61,3840
-9.56,3848
-9.53,3856
-9.68,3864
-9.66,3872
-9.74,3880
-9.65,3888
-9.6,3896
-9.67,3904
-9.47,3912
-9.64,3920
-9.53,3928
-9.41,3936
-9.48,3944
-9.34,3952
-9.48,3960
-9.5,3968
-9.58,3976
-9.65,3984
-9.59,3992
-9.67,4000
-9.59,4008
-9.53,4016
-9.52,4024
-9.55,4032
-9.49,4040
-9.7,4048
-9.64,4056
-9.69,4064
-9.75,4072
-9.61,4080
-9.68,4088
-9.58,4096
-9.45,4104
-9.45,4112
-9.47,4120
-9.54,4128
-9.55,4136
-9.62,4144
-9.54,4152
-9.5,4160
-9.55,4168
-9.48,4176
-9.62,4184
-9.55,4192
-9.56,4200
-9.55,4208
-9.5,4216
-9.61,4224
-9.72,4232
-9.68,4240
-9.59,4248
-9.52,4256
-9.53,4264
-9.51,4272
-9.48,4280
-9.59,4288
-9.59,4296
-9.43,4304
-9.56,4312
-9.53,4320
-9.54,4328
-9.5,4336
-9.63,4344
-9.58,4352
-9.5,4360
-9.43,4368
-9.56,4376
-9.62,4384
-9.68,4392
-9.55,4400
-9.54,4408
-9.58,4416
-9.58,4424
-9.52,4432
-9.5,4440
-9.5,4448
-9.53,4456
-9.63,4464
-9.62,4472
-9.53,4480
-9.54,4488
-9.48,4496
-9.61,4504
-9.58,4512
-9.56,4520
-9.58,4528
-9.55,4536
-9.59,4544
-9.59,4552
-9.51,4560
-9.62,4568
-9.6,4576
-9.68,4584
-9.62,4592
-9.54,4600
-9.56,4608
-9.59,4616
-9.64,4624
-9.61,4632
-9.55,4640
-9.1,4648
-8.83,4656
-8.81,4664
-8.42,4672
-8.58,4680
-9.08,4688
-9.6,4696
-9.55,4704
-9.25,4712
-9.43,4720
-9.64,4728
-9.61,4736
-9.53,4744
-9.23,4752
-9.16,4760
-8.69,4768
-8.45,4776
-8.37,4784
-8.35,4792
-8.67,4800
-8.46,4808
-8.1,4816
-7.64,4824
-7.44,4832
-7.3,4840
-7.26,4848
-8.3,4856
-7.27,4864
-7.24,4872
-7.18,4880
-7.12,4888
-6.59,4896
-6.55,4904
-6.34,4912
-5.89,4920
-6.08,4928
-5.84,4936
-6,4944
-6.83,4952
-7.83,4960
-8.61,4968
-9.78,4976
-11.6,4984
-12.66,4992
-15.11,5000
-17.52,5008
-19.06,5016
-19.9,5024
-19.94,5032
-19.35,5040
-18.73,5048
-18.19,5056
-18.16,5064
-17.53,5072
-16.51,5080
-15.28,5088
-14.5,5096
-14.13,5104
-14.21,5112
-14.3,5120
-13.96,5128
-13.37,5136
-12.11,5144
-11.02,5152
-9.51,5160
-7.76,5168
-6.06,5176
-4.81,5184
-3.56,5192
-2.32,5200
-1.77,5208
-2.33,5216
-2.4,5224
-2.31,5232
-1.74,5240
-1.05,5248
-0.47,5256
-0.79,5264
-1.35,5272
-2.03,5280
-3.14,5288
-3.99,5296
-4.62,5304
-5.97,5312
-7.2,5320
-7.21,5328
-7.7,5336
-6.21,5344
-5.47,5352
-8.85,5360
-13.28,5368
-18.04,5376
-20.52,5384
-21.86,5392
-23.68,5400
-24,5408
-23.7,5416
-23.65,5424
-23,5432
-21.36,5440
-19.39,5448
-17.69,5456
-16.59,5464
-15.57,5472
-13.98,5480
-11.98,5488
-10.26,5496
-9.24,5504
-8.46,5512
-7.89,5520
-7.66,5528
-7.48,5536
-7.65,5544
-7.86,5552
-7.64,5560
-6.86,5568
-7.06,5576
-4.57,5584
-4.21,5592
-3.71,5600
-3.91,5608
-3.98,5616
-3.92,5624
-3.35,5632
-2.37,5640
-1.06,5648
0.02,5656
2.47,5664
3.62,5672
4.12,5680
5.36,5688
4.65,5696
4.13,5704
4.27,5712
3.01,5720
-3.28,5728
-12.02,5736
-19.45,5744
-25.62,5752
-29.14,5760
-32.01,5768
-33.61,5776
-32.35,5784
-30.29,5792
-29.76,5800
-26.64,5808
-23.43,5816
-20.67,5824
-17.72,5832
-14.58,5840
-11.13,5848
-8.25,5856
-6.53,5864
-5.88,5872
-6.03,5880
-7.45,5888
-8.15,5896
-8.07,5904
-7.61,5912
-6.83,5920
-7.14,5928
-3.92,5936
-1.94,5944
-2.35,5952
-1.94,5960
-2.23,5968
-2.83,5976
-3.06,5984
-2.34,5992
-0.87,6000
0.61,6008
1.46,6016
1.47,6024
2.72,6032
3.55,6040
4.32,6048
4.62,6056
0.92,6064
-5.86,6072
-15.23,6080
-20.79,6088
-24.56,6096
-27.48,6104
-29.98,6112
-30.43,6120
-29.2,6128
-27.94,6136
-26.29,6144
-23.43,6152
-20.78,6160
-18.66,6168
-17.07,6176
-15.66,6184
-13.6,6192
-11.33,6200
-9.42,6208
-7.86,6216
-6.78,6224
-5.65,6232
-5.24,6240
-5.08,6248
-4.37,6256
-0.06,6264
-1.82,6272
-0.64,6280
0.24,6288
0.72,6296
0.51,6304
-0.56,6312
-1.59,6320
-1.77,6328
-1.08,6336
0.04,6344
0.54,6352
1.23,6360
3.56,6368
5.04,6376
3.62,6384
0.23,6392
-6.25,6400
-12.94,6408
-19.14,6416
-24.41,6424
-28.77,6432
-31.41,6440
-31.84,6448
-30.71,6456
-28.97,6464
-27.27,6472
-23.89,6480
-21.59,6488
-19.12,6496
-17,6504
-15.19,6512
-12.82,6520
-10.19,6528
-8.28,6536
-7.22,6544
-6.22,6552
-5.85,6560
-6.58,6568
-6.77,6576
-6.62,6584
-6.15,6592
-2.02,6600
-2.2,6608
0.37,6616
0.76,6624
1.19,6632
0.57,6640
-0.69,6648
-1.13,6656
-1.59,6664
-1.06,6672
-2.18,6680
-2.37,6688
-0.56,6696
1.38,6704
2.75,6712
1.79,6720
-0.77,6728
-8.1,6736
-16.97,6744
-22.97,6752
-26.11,6760
-27.87,6768
-28.55,6776
-27.89,6784
-27.96,6792
-26.52,6800
-23.21,6808
-20.71,6816
-18.49,6824
-16.89,6832
-15.4,6840
-13.8,6848
-11.85,6856
-9.69,6864
-7.77,6872
-7.1,6880
-6.71,6888
-6.53,6896
-6.09,6904
-1.76,6912
-3.8,6920
-3.7,6928
-2.05,6936
-2.76,6944
-1.68,6952
-1.36,6960
-1.53,6968
-2.83,6976
-3.25,6984
-4.24,6992
-3.54,7000
-2.59,7008
-1.91,7016
1.87,7024
-1.44,7032
-0.94,7040
-0.32,7048
0.19,7056
-0.12,7064
-1.98,7072
-7.05,7080
-10.72,7088
-15.22,7096
-20.94,7104
-27.1,7112
-29.81,7120
-30.41,7128
-29.38,7136
-28.02,7144
-25.4,7152
-22.53,7160
-19.81,7168
-17.92,7176
-16.49,7184
-15.23,7192
-13.95,7200
-11.71,7208
-9.56,7216
-7.65,7224
-6.16,7232
-5.31,7240
-4.44,7248
-4.31,7256
-4.2,7264
-4.45,7272
-4.24,7280
-3.97,7288
-4.05,7296
-2.94,7304
-2.55,7312
-2.53,7320
-2.82,7328
-3.56,7336
-3.88,7344
-3.1,7352
-1.55,7360
0.63,7368
4.33,7376
5.4,7384
7.92,7392
9.23,7400
5.02,7408
-1.61,7416
-12.56,7424
-19.35,7432
-22.53,7440
-30.05,7448
-34.84,7456
-33.79,7464
-32.79,7472
-31.87,7480
-28.91,7488
-25.08,7496
-21.51,7504
-18.9,7512
-15.83,7520
-13.14,7528
-10.46,7536
-8.5,7544
-6.87,7552
-7.29,7560
-7.18,7568
-7.15,7576
-6.9,7584
-6.27,7592
-5.23,7600
-3.14,7608
-2.66,7616
-1.15,7624
-0.77,7632
-1.06,7640
-1.87,7648
-2.65,7656
-3.03,7664
-3,7672
-2.38,7680
-1.97,7688
-1.67,7696
-1.98,7704
-1.29,7712
0.18,7720
2.34,7728
2.61,7736
1.82,7744
-0.3,7752
-5.25,7760
-14.52,7768
-20.04,7776
-24.75,7784
-30.37,7792
-31.34,7800
-30.22,7808
-30.04,7816
-28.94,7824
-25.71,7832
-22.95,7840
-20.33,7848
-17.89,7856
-15.78,7864
-13.68,7872
-11.41,7880
-8.77,7888
-8.17,7896
-7.17,7904
-6.38,7912
-5.7,7920
-5.12,7928
-4.61,7936
-3.28,7944
-0.15,7952
-0.18,7960
-0.16,7968
-0.14,7976
-0.75,7984
-1.66,7992
-2.01,8000
-1.64,8008
-1.78,8016
-2.71,8024
-3.38,8032
-2.09,8040
-0.54,8048
1.82,8056
3.66,8064
2.28,8072
-1.48,8080
-6.69,8088
-13.31,8096
-17.98,8104
-21.78,8112
-26.15,8120
-29.93,8128
-31.62,8136
-31.77,8144
-30.72,8152
-26.66,8160
-23.34,8168
-20.54,8176
-18.5,8184
-16.23,8192
-13.17,8200
-11.39,8208
-9.9,8216
-9.38,8224
-7.42,8232
-5.25,8240
-3.72,8248
-2.41,8256
-1.5,8264
-1.76,8272
-1.94,8280
-1.69,8288
-1.87,8296
-2.19,8304
-2.08,8312
-1.37,8320
-1.36,8328
-1.79,8336
-2.34,8344
-2.37,8352
-2.95,8360
-1.97,8368
2.08,8376
3,8384
5.81,8392
4.89,8400
-0.44,8408
-9.4,8416
-16.13,8424
-19.8,8432
-24.85,8440
-31.06,8448
-32.59,8456
-32.17,8464
-30.75,8472
-27.9,8480
-24.48,8488
-21.67,8496
-19.38,8504
-17.55,8512
-15,8520
-13.29,8528
-11.67,8536
-9.26,8544
-8.15,8552
-6.71,8560
-5.66,8568
-4.77,8576
-4.3,8584
-4.41,8592
-3.04,8600
-2.82,8608
-0.77,8616
-1.77,8624
-1.51,8632
-1.93,8640
-2.56,8648
-2.72,8656
-3.2,8664
-3.11,8672
-2.59,8680
-2,8688
-1.53,8696
0.86,8704
2.66,8712
6.9,8720
6.3,8728
1.97,8736
-5.37,8744
-14.59,8752
-20.49,8760
-26.04,8768
-30.54,8776
-32.84,8784
-33.43,8792
-32.88,8800
-30.68,8808
-26.97,8816
-23.38,8824
-20.24,8832
-18.36,8840
-15.52,8848
-13.31,8856
-10.41,8864
-7.77,8872
-5.97,8880
-4.98,8888
-3.55,8896
-2,8904
-4.9,8912
-1.19,8920
-1.64,8928
-0.82,8936
-0.34,8944
-0.06,8952
0.1,8960
-0.21,8968
-0.53,8976
-1.01,8984
-0.71,8992
0.28,9000
1.22,9008
2.36,9016
1.81,9024
0.85,9032
-1.12,9040
-3.97,9048
-9.78,9056
-14.55,9064
-19.21,9072
-26.02,9080
-33.56,9088
-32.97,9096
-32.36,9104
-31.44,9112
-28.18,9120
-24.84,9128
-22.41,9136
-19.42,9144
-16.72,9152
-13.86,9160
-11.65,9168
-9.34,9176
-7.94,9184
-6.93,9192
-5.51,9200
-5.78,9208
-5.41,9216
-3.87,9224
-3.77,9232
-3.86,9240
-3.05,9248
-2.64,9256
-2.63,9264
-2.32,9272
-2.02,9280
-1.19,9288
-0.85,9296
-0.81,9304
-0.44,9312
-3.19,9320
-4.05,9328
-2.7,9336
-0.2,9344
2.85,9352
2.97,9360
2.78,9368
1.46,9376
-2.69,9384
-8.54,9392
-16.83,9400
-22.65,9408
-26.08,9416
-30.72,9424
-32.86,9432
-31.28,9440
-29.9,9448
-27.74,9456
-24.59,9464
-21.64,9472
-18.91,9480
-16.55,9488
-14.82,9496
-12.92,9504
-10.96,9512
-9.28,9520
-7.47,9528
-6.96,9536
-6.48,9544
-5.78,9552
-5.81,9560
-4.29,9568
-3.7,9576
-2.52,9584
-3.49,9592
-2.68,9600
-2.13,9608
-1.85,9616
-1.86,9624
-2.16,9632
-2.43,9640
-2.51,9648
-2.4,9656
-0.84,9664
1.47,9672
3.93,9680
6.53,9688
9.34,9696
8.37,9704
1.71,9712
-5.27,9720
-13.11,9728
-16.73,9736
-18.57,9744
-30.5,9752
-37.13,9760
-35.52,9768
-35.55,9776
-33.09,9784
-28.64,9792
-24.4,9800
-20.95,9808
-18.55,9816
-15.78,9824
-13.46,9832
-10.93,9840
-8.67,9848
-7.33,9856
-5.72,9864
-4.62,9872
-4.13,9880
-3.77,9888
-3.87,9896
-3.33,9904
-2.97,9912
-2.81,9920
-1.42,9928
-1.14,9936
-1.07,9944
-1.79,9952
-2.68,9960
-3.1,9968
-3.33,9976
-2.91,9984
-0.84,9992
3.55,10000
6.83,10008
9.13,10016
5.02,10024
-1.13,10032
-7.69,10040
-14.57,10048
-20.5,10056
-20.92,10064
-30.34,10072
-33.94,10080
-33.64,10088
-32.77,10096
-29.89,10104
-25.5,10112
-21.57,10120
-19.09,10128
-16.76,10136
-14.64,10144
-12.95,10152
-11.27,10160
-9.7,10168
-8.36,10176
-7.13,10184
-5.54,10192
-4.04,10200
-1.2,10208
-2.67,10216
-1.94,10224
-3.5,10232
-3.2,10240
-2.64,10248
-2.38,10256
-2.44,10264
-1.98,10272
-1.89,10280
-1.58,10288
-3.07,10296
-3.07,10304
-2.53,10312
0.16,10320
2.56,10328
6.3,10336
9.49,10344
7,10352
0.98,10360
-10.9,10368
-18.33,10376
-22.36,10384
-28.67,10392
-34.94,10400
-34.45,10408
-33.8,10416
-32.85,10424
-29.26,10432
-24.66,10440
-21.09,10448
-18.28,10456
-15.28,10464
-13.37,10472
-11.32,10480
-9.2,10488
-8.28,10496
-6.69,10504
-5.46,10512
-4.58,10520
-4.02,10528
-3.69,10536
-4.47,10544
-2.93,10552
-3.16,10560
-2.71,10568
-2.49,10576
-3.22,10584
-2.23,10592
-1.75,10600
-1.78,10608
-1.52,10616
-0.4,10624
1.64,10632
0.18,10640
3.46,10648
9.31,10656
10.26,10664
6.69,10672
-2.57,10680
-11.29,10688
-16.55,10696
-22.53,10704
-30.77,10712
-36.49,10720
-36.26,10728
-35.39,10736
-32.94,10744
-28.76,10752
-23.57,10760
-20.29,10768
-17.17,10776
-14.99,10784
-13.13,10792
-12.02,10800
-9.65,10808
-7.82,10816
-6.07,10824
-4.21,10832
-2.35,10840
-1.98,10848
-1.71,10856
-2.23,10864
-2.67,10872
-2.48,10880
-2.39,10888
-2.08,10896
-2.21,10904
-2.9,10912
-3.36,10920
-3,10928
-3.1,10936
-2.63,10944
-1.24,10952
1.75,10960
4.92,10968
8.87,10976
8.19,10984
0.58,10992
-7.39,11000
-12.84,11008
-18.14,11016
-25.94,11024
-32.43,11032
-34.22,11040
-33.77,11048
-33.42,11056
-30.58,11064
-25.72,11072
-21.89,11080
-19.23,11088
-17.16,11096
-15.06,11104
-12.81,11112
-10.51,11120
-10.05,11128
-7.93,11136
-5.64,11144
-3.44,11152
-2.96,11160
-2.86,11168
-2.73,11176
-1.37,11184
-2.72,11192
-1.74,11200
0.13,11208
1.58,11216
3.02,11224
5,11232
5.67,11240
3.79,11248
0.26,11256
6.62,11264
12.33,11272
13.12,11280
4.44,11288
-9.42,11296
-19.57,11304
-26.38,11312
-32.18,11320
-35.73,11328
-34.93,11336
-33.21,11344
-32.96,11352
-30.18,11360
-24.98,11368
-21.39,11376
-18.05,11384
-15.39,11392
-12.68,11400
-10.18,11408
-8.64,11416
-7.82,11424
-7.3,11432
-6.66,11440
-6.43,11448
-6.06,11456
-5.43,11464
-4.13,11472
-2.33,11480
-1.47,11488
-0.8,11496
-0.86,11504
-1.68,11512
-2.55,11520
-2.74,11528
-2.12,11536
-0.85,11544
1.41,11552
5.16,11560
9.09,11568
11.1,11576
9.22,11584
4.21,11592
-3.94,11600
-11.07,11608
-17.53,11616
-27.99,11624
-36.62,11632
-36.66,11640
-35.3,11648
-34.37,11656
-32.04,11664
-27.2,11672
-23.78,11680
-20.38,11688
-17.93,11696
-15.73,11704
-13.08,11712
-9.85,11720
-7.52,11728
-5.53,11736
-4.52,11744
-3.71,11752
-3.64,11760
-3.38,11768
-3.88,11776
-2.44,11784
-1.84,11792
0.1,11800
0.43,11808
1.04,11816
-0.08,11824
-1.19,11832
-3.02,11840
-4.47,11848
-3.7,11856
-1.18,11864
3.28,11872
10.48,11880
9.95,11888
7.02,11896
0.54,11904
-7.21,11912
-10.73,11920
-10.82,11928
-17.81,11936
-27.89,11944
-34.57,11952
-35.08,11960
-34.29,11968
-33.12,11976
-30.1,11984
-25.41,11992
-22.12,12000
-19.51,12008
-17.19,12016
-15.5,12024
-13.07,12032
-10.5,12040
-7.65,12048
-6.27,12056
-4.92,12064
-3.9,12072
-3.14,12080
-0.83,12088
-3.59,12096
-0.63,12104
-3.1,12112
-1.27,12120
0.03,12128
0.31,12136
-0.67,12144
-1.37,12152
-2.34,12160
-3.09,12168
-2.75,12176
-0.84,12184
1.83,12192
2.15,12200
3.42,12208
4.03,12216
3.51,12224
-1.87,12232
-8.61,12240
-13.61,12248
-17.98,12256
-25.44,12264
-31.28,12272
-31.12,12280
-29.72,12288
-30.81,12296
-29.57,12304
-25.85,12312
-22.75,12320
-20,12328
-17.37,12336
-15.56,12344
-13.39,12352
-11.18,12360
-8.87,12368
-7.38,12376
-6.18,12384
-5.91,12392
-5.1,12400
-4.64,12408
-5.85,12416
-1.84,12424
-2.2,12432
-1.82,12440
-0.74,12448
-0.54,12456
-0.52,12464
-0.96,12472
-1.39,12480
-2.22,12488
-1.79,12496
-0.38,12504
4.76,12512
9.91,12520
16.06,12528
14.26,12536
1.9,12544
-9.75,12552
-14.52,12560
-15.13,12568
-22.52,12576
-32.07,12584
-36.7,12592
-36.53,12600
-36.21,12608
-33.89,12616
-29.11,12624
-25.26,12632
-21.49,12640
-17.61,12648
-14.86,12656
-12.72,12664
-10.57,12672
-8.77,12680
-6.91,12688
-5.52,12696
-4.9,12704
-4.78,12712
-3.43,12720
-3.7,12728
-3.33,12736
-1.34,12744
-3.62,12752
-2.24,12760
-2.19,12768
-2.26,12776
-2.94,12784
-3.58,12792
-3.92,12800
-4.1,12808
-3.2,12816
-2.36,12824
-0.26,12832
2.45,12840
6.26,12848
8.01,12856
13.3,12864
4.46,12872
-4.38,12880
-13.14,12888
-16.38,12896
-23.08,12904
-31.43,12912
-36.21,12920
-34.51,12928
-34.06,12936
-32.42,12944
-28.5,12952
-24.68,12960
-21.31,12968
-18.39,12976
-16.35,12984
-13.72,12992
-11.8,13000
-9.84,13008
-7.62,13016
-5.59,13024
-3.25,13032
-2.37,13040
-0.31,13048
-1.13,13056
-1.62,13064
-1.62,13072
-1.81,13080
-2.15,13088
-2.43,13096
-2.33,13104
-2,13112
-0.98,13120
0.69,13128
2.31,13136
2.41,13144
2.1,13152
4.75,13160
6.96,13168
12.47,13176
0.45,13184
-8.55,13192
-16.23,13200
-22.15,13208
-27.39,13216
-32.66,13224
-35.79,13232
-35.76,13240
-33.96,13248
-30.55,13256
-26.31,13264
-22.36,13272
-18.89,13280
-15.92,13288
-13.24,13296
-11.55,13304
-9.82,13312
-7.56,13320
-6.99,13328
-4.46,13336
-4.93,13344
-2.54,13352
-2.75,13360
-2.89,13368
-2.89,13376
-1.77,13384
-3.54,13392
-2.25,13400
-1.06,13408
0.13,13416
1.48,13424
2.5,13432
2.94,13440
5.34,13448
2.49,13456
1.85,13464
2.54,13472
0.93,13480
-5.3,13488
-7.12,13496
-10.4,13504
-13.53,13512
-21.58,13520
-26.97,13528
-29.75,13536
-30.71,13544
-29.68,13552
-29.02,13560
-27.93,13568
-25.28,13576
-22.52,13584
-19.54,13592
-16.73,13600
-14.79,13608
-10.93,13616
-9.95,13624
-9.06,13632
-8.39,13640
-6.18,13648
-5.69,13656
-3.65,13664
-3.49,13672
-2.95,13680
-2.42,13688
-1.75,13696
-1.27,13704
-0.84,13712
-0.53,13720
-1.33,13728
-1.95,13736
-3.19,13744
-3.58,13752
-2.94,13760
-2.21,13768
0.51,13776
2.05,13784
1.47,13792
3.2,13800
6.32,13808
7,13816
2.77,13824
-7.64,13832
-16.93,13840
-22.44,13848
-26.54,13856
-32.11,13864
-35.42,13872
-34.11,13880
-32.15,13888
-30.36,13896
-25.94,13904
-21.78,13912
-18.7,13920
-16.32,13928
-14.43,13936
-5.52,13944
-8.83,13952
-8.71,13960
-7.12,13968
-5.71,13976
-4.71,13984
-5.09,13992
-2.58,14000
-2.29,14008
-2.56,14016
-1.87,14024
-1.5,14032
-1.19,14040
-1.12,14048
-1.43,14056
-2.03,14064
-1.58,14072
-1.28,14080
-0.16,14088
2.04,14096
1.17,14104
1.73,14112
1.4,14120
3.96,14128
4.01,14136
-1.99,14144
-7.99,14152
-15.47,14160
-18.98,14168
-21.9,14176
-26.53,14184
-30.26,14192
-31.48,14200
-31.56,14208
-29.97,14216
-26.2,14224
-22.7,14232
-19.57,14240
-17.06,14248
-15.2,14256
-11.13,14264
-11.03,14272
-10.7,14280
-9.95,14288
-7.84,14296
-6.4,14304
-7.18,14312
-3.08,14320
-3.01,14328
-2.21,14336
-1.66,14344
-1.02,14352
-0.29,14360
0.08,14368
-2.43,14376
-2.27,14384
-3.15,14392
-0.73,14400
-0.71,14408
1.08,14416
4.92,14424
7.67,14432
